id,first_name,email,ip_address
1,Morten,mlovelace0@adobe.com,155.154.104.22
2,Jamill,jgontier1@is.gd,91.166.43.191
3,Caspar,ckneath2@bizjournals.com,147.144.117.153
4,Meier,mgaywood3@ucsd.edu,92.119.204.194
5,Jaquelin,jsalkild4@tamu.edu,65.220.64.104
6,Grady,gsouthouse5@biglobe.ne.jp,122.46.66.89
7,Brett,bmcmearty6@toplist.cz,166.118.210.178
8,Tiebold,tziebart7@state.gov,107.239.93.86
9,Ernie,elethcoe8@huffingtonpost.com,196.215.15.206
10,Vidovic,vpfeffle9@usatoday.com,202.250.44.231
11,Sophronia,sscheffela@pcworld.com,135.40.235.148
12,Wallas,wsemonb@sakura.ne.jp,244.107.201.46
13,Warner,whillburnc@utexas.edu,91.212.204.122
14,Zack,zhuttleyd@state.tx.us,188.167.131.139
15,Clara,cburkee@cocolog-nifty.com,170.207.150.46
16,Broddie,bbloyf@wikispaces.com,188.231.144.192
17,Millard,mmorg@miitbeian.gov.cn,220.236.72.22
18,Lenette,lsideyh@4shared.com,252.180.192.66
19,Boycie,bmetterickei@google.com,104.228.210.151
20,Sergio,ssouthornj@360.cn,23.155.157.115
21,Putnam,pwaitk@bing.com,12.110.187.11
22,Othilia,oclemendetl@netlog.com,90.165.24.185
23,Tally,tgiacobillom@ifeng.com,91.180.38.7
24,Tedmund,tdunkinsonn@topsy.com,32.80.123.49
25,Cassandra,ccalwayo@360.cn,127.166.180.58
26,Filippo,fjennep@redcross.org,108.231.241.135
27,Rodge,rjothamq@sourceforge.net,36.2.97.58
28,Thibaut,tbudgeyr@macromedia.com,157.247.52.230
29,Sue,sdealys@gov.uk,13.14.59.63
30,Thayne,tsmallwoodt@bbb.org,195.122.240.175
31,Jo-ann,jkimmu@deliciousdays.com,191.126.85.91
32,Roland,rshutev@yahoo.co.jp,62.184.217.110
33,Towney,tpearew@livejournal.com,179.18.211.54
34,Marjy,mogbornex@cdc.gov,129.195.70.80
35,Lexy,lharwiny@nih.gov,168.59.178.189
36,Liza,lcullipz@miibeian.gov.cn,238.189.55.199
37,Jake,jchazelle10@woothemes.com,182.19.210.148
38,Yvonne,ytolputt11@cdbaby.com,79.137.187.24
39,Myranda,mivachyov12@ihg.com,159.218.147.67
40,Pascale,parthars13@goodreads.com,12.224.160.11
41,Baldwin,bissacoff14@deviantart.com,169.45.158.143
42,Petronille,pemmitt15@marriott.com,31.106.9.219
43,Fania,fkippins16@loc.gov,202.216.190.61
44,Sapphire,sblodgett17@plala.or.jp,197.101.229.48
45,Ky,kfibbings18@wunderground.com,47.249.2.143
46,Neala,nwickson19@twitpic.com,79.122.209.85
47,Idelle,izorzoni1a@boston.com,94.42.119.120
48,Walsh,wsearson1b@hibu.com,64.61.179.188
49,Odele,ocapron1c@diigo.com,18.128.82.252
50,Jobyna,jabramof1d@posterous.com,25.249.164.127
51,Leon,lamerici1e@gizmodo.com,124.42.218.94
52,Roxi,rhowden1f@stumbleupon.com,19.126.231.168
53,Jo ann,jmowling1g@army.mil,177.193.54.253
54,Fidel,fmcilraith1h@i2i.jp,29.149.15.20
55,Myriam,mtrundle1i@liveinternet.ru,147.208.92.219
56,Glenine,gallsworth1j@cornell.edu,52.190.150.57
57,Hugibert,hlief1k@livejournal.com,122.67.159.175
58,Ulrica,umarsay1l@irs.gov,212.187.78.53
59,Lenard,lochterlonie1m@cbslocal.com,193.68.38.148
60,Beatrisa,bwilcot1n@multiply.com,186.8.29.81
61,Alleen,aglaserman1o@hud.gov,220.8.16.114
62,Syd,smccrostie1p@springer.com,173.243.161.151
63,Sylvia,spanchin1q@mapy.cz,23.64.33.155
64,Dyanna,dkovnot1r@sciencedaily.com,209.245.53.163
65,Leonhard,lbotger1s@tamu.edu,15.229.117.75
66,George,gdivall1t@slate.com,126.46.169.143
67,Daffy,dstyle1u@ucoz.ru,179.223.122.81
68,Meridel,mbricket1v@deliciousdays.com,124.189.96.122
69,Esma,eruilton1w@stumbleupon.com,120.37.211.138
70,Leeland,lrabbitts1x@ebay.com,253.88.165.235
71,Stacie,sstuer1y@netlog.com,130.197.51.73
72,Mohammed,mshipley1z@nationalgeographic.com,172.67.230.54
73,Alexandre,amccheyne20@icio.us,181.53.154.14
74,Micky,mdurrant21@tripod.com,110.138.242.247
75,Anabel,ajanicek22@jiathis.com,89.2.108.198
76,Tillie,tpetracchi23@dailymotion.com,140.165.103.224
77,Noland,nbudd24@nydailynews.com,48.83.25.149
78,Leoline,lraynard25@zimbio.com,143.8.237.152
79,Austin,amaccurley26@meetup.com,119.41.135.59
80,Ingeberg,ifettes27@seesaa.net,76.253.169.250
81,Bruce,bglanvill28@google.co.jp,21.137.10.66
82,Trefor,tcohr29@lycos.com,37.244.123.243
83,Maible,mfarra2a@meetup.com,234.233.181.127
84,Rochelle,rchurly2b@buzzfeed.com,24.165.114.3
85,Emmye,eeplate2c@reuters.com,84.143.169.53
86,Hedvig,hcastane2d@npr.org,97.34.11.84
87,Dorie,dcalbaithe2e@yahoo.com,56.195.210.119
88,Hedy,hbette2f@bigcartel.com,252.1.6.122
89,Flossi,fodonohue2g@dot.gov,213.142.51.187
90,Kristien,krivelon2h@liveinternet.ru,72.241.118.51
91,Salomon,smccarrell2i@yelp.com,162.42.173.53
92,Ethelin,egolston2j@github.io,95.87.71.151
93,Adelaide,amacaughtrie2k@sbwire.com,143.26.232.80
94,Reyna,rallpress2l@slideshare.net,50.197.45.178
95,Ermentrude,ebonaire2m@reddit.com,132.110.19.147
96,Taylor,tbeadon2n@shareasale.com,19.94.253.191
97,Alan,ablakesley2o@unesco.org,104.182.174.66
98,Lana,lrosenwald2p@washington.edu,26.96.49.103
99,Udale,uhaining2q@cdbaby.com,37.12.140.46
100,Bridget,bodo2r@about.com,90.203.224.118
101,Deedee,dioselev2s@dropbox.com,216.101.50.144
102,Gino,gibbotson2t@fc2.com,205.161.85.165
103,Kelsy,kwaggitt2u@independent.co.uk,105.129.92.101
104,Karel,kmcmennum2v@spiegel.de,230.177.141.236
105,Adam,aslatten2w@lulu.com,126.210.110.227
106,Reidar,rhinnerk2x@usatoday.com,156.78.156.240
107,Waly,wnabbs2y@skyrock.com,26.163.72.9
108,Karel,kislep2z@cyberchimps.com,200.54.225.178
109,Lyndsey,lbaybutt30@last.fm,117.215.90.71
110,Jermaine,joverland31@hp.com,207.47.231.141
111,Vin,vlongworthy32@sina.com.cn,194.132.255.153
112,Phillie,pgrinov33@51.la,12.213.160.121
113,Scarface,sjaume34@about.me,146.66.97.155
114,Anestassia,achoat35@cloudflare.com,169.254.49.1
115,Loy,lrunnett36@spiegel.de,127.73.244.148
116,Ardith,atringham37@gnu.org,105.76.215.70
117,Davidson,dwabey38@mozilla.com,71.178.169.25
118,Marilee,mprichard39@bbc.co.uk,57.195.23.44
119,Miquela,mgerrey3a@oakley.com,46.10.200.109
120,Arnold,aleeke3b@ucsd.edu,164.112.154.73
121,Myriam,mboyle3c@engadget.com,174.164.93.26
122,Zora,zimos3d@goodreads.com,231.243.188.211
123,Modestia,mmcglue3e@blogtalkradio.com,244.102.103.227
124,Becky,btuckey3f@uiuc.edu,245.51.236.167
125,Virge,vmum3g@indiatimes.com,3.126.85.255
126,Skye,spote3h@phoca.cz,81.101.45.220
127,Konstantin,ktollmache3i@utexas.edu,191.179.177.224
128,Nana,nbonhomme3j@spiegel.de,213.154.132.153
129,Dagmar,damos3k@sciencedaily.com,228.5.5.10
130,Reggie,rveque3l@mozilla.org,31.235.80.111
131,Hobard,hveltman3m@shinystat.com,244.35.77.232
132,Clayborne,cpickthorn3n@flavors.me,112.123.228.150
133,Dallas,dkynoch3o@mayoclinic.com,39.115.249.13
134,Annabel,amclukie3p@blogs.com,67.21.133.179
135,Kim,krabbe3q@meetup.com,17.10.214.109
136,Shell,shrycek3r@cbc.ca,241.112.105.168
137,Tish,tgodmer3s@yolasite.com,59.100.14.34
138,Carmela,ckeyes3t@qq.com,60.72.131.117
139,Collin,cscherer3u@merriam-webster.com,242.190.230.135
140,Didi,dmickan3v@who.int,216.147.12.55
141,Annabelle,adewitt3w@epa.gov,189.62.146.214
142,Golda,gmacknocker3x@g.co,8.1.51.150
143,Ronni,rlathbury3y@ameblo.jp,217.63.50.123
144,Rheta,rglaister3z@topsy.com,241.207.176.172
145,Marley,mlabbez40@digg.com,41.241.243.30
146,Lonnie,ltriggle41@devhub.com,95.134.28.217
147,Alexandros,acorish42@twitter.com,194.94.74.163
148,Burl,bhubery43@ftc.gov,166.130.11.86
149,Pearla,psollitt44@archive.org,222.173.111.108
150,Kirstin,kwaind45@va.gov,190.78.191.141
151,Vasilis,vadamik46@reuters.com,173.182.81.1
152,Sloan,slaming47@theguardian.com,28.32.197.62
153,Marcellus,middon48@canalblog.com,48.155.181.61
154,Jonell,jnyssen49@google.co.uk,145.235.22.127
155,Alma,aborge4a@ehow.com,75.3.250.196
156,Liesa,lrasch4b@senate.gov,140.239.186.226
157,Amelia,astones4c@microsoft.com,146.18.190.230
158,Robbert,rmacelroy4d@bizjournals.com,133.95.184.182
159,Cord,cdebling4e@google.com,189.217.166.19
160,Slade,slodo4f@webmd.com,136.197.252.148
161,Tedra,tleare4g@admin.ch,90.220.130.26
162,Darsie,ddavidovicz4h@eventbrite.com,238.158.140.237
163,Cyrillus,ccrimpe4i@gravatar.com,7.229.64.82
164,Dag,dlanglois4j@so-net.ne.jp,186.247.199.142
165,Red,rgilder4k@instagram.com,118.168.161.86
166,Franciska,fragdale4l@mayoclinic.com,175.69.38.133
167,Bertha,bmilhench4m@amazonaws.com,39.231.195.48
168,Marney,mgilleon4n@wunderground.com,133.187.126.75
169,Ilaire,iamiranda4o@quantcast.com,66.241.165.9
170,Noby,nchivers4p@last.fm,168.128.162.137
171,Othella,othorndycraft4q@miitbeian.gov.cn,105.20.174.63
172,Anatole,amardling4r@lulu.com,154.114.239.64
173,Manuel,mreddell4s@blogs.com,57.162.138.50
174,Anjanette,acloy4t@chicagotribune.com,228.187.182.255
175,Noah,nsetterington4u@amazon.com,48.206.132.60
176,Jody,jmariel4v@mapy.cz,181.191.23.197
177,Christy,carnaldo4w@fema.gov,214.233.101.149
178,Arlette,abrangan4x@ask.com,209.106.150.32
179,Natty,nchavez4y@senate.gov,91.227.44.174
180,Dru,dhasselby4z@adobe.com,119.30.217.235
181,Catherin,cmacnamee50@taobao.com,176.176.113.29
182,Elsey,erussilll51@blogspot.com,4.253.149.13
183,Goran,gealam52@illinois.edu,29.153.20.162
184,Melita,mnewart53@comcast.net,180.3.73.188
185,Tybi,tomullan54@sphinn.com,107.175.146.148
186,Barb,blillie55@army.mil,58.212.95.104
187,Klement,kcrummay56@yelp.com,190.3.246.123
188,Jewell,jshaul57@g.co,12.166.103.229
189,Margarette,mborgars58@gov.uk,108.209.147.162
190,Victoir,vhakes59@quantcast.com,0.205.173.125
191,Leo,lsimonett5a@cyberchimps.com,20.79.241.160
192,Jori,jblasing5b@cnbc.com,118.15.222.180
193,Starr,spedwell5c@cnn.com,19.128.40.180
194,Maxy,maires5d@gnu.org,242.14.23.95
195,Tarrance,twaterworth5e@illinois.edu,176.122.150.38
196,Krishnah,kchisholme5f@123-reg.co.uk,183.251.13.39
197,Rochelle,rswadling5g@columbia.edu,137.55.28.75
198,Humfrid,hbunt5h@zdnet.com,252.64.49.207
199,Morris,mbiaggioli5i@google.cn,252.131.178.187
200,Hortensia,hcape5j@yale.edu,58.132.226.53
